{
  "checksums": {
    "lua": {
      "arith": 530765,
      "array": 999999000000,
      "fib": 832040,
      "mixed": 10000888890,
      "nested": 20236502250000,
      "objlife": 3488890,
      "string": 6977780,
      "table": 37499250000,
      "total": 0
    },
    "mobius": {
      "arith": 530765,
      "array": 999999000000,
      "fib": 832040,
      "mixed": 10000888890,
      "nested": 20236502250000,
      "objlife": 3488890,
      "string": 6977780,
      "table": 37499250000,
      "total": 0
    },
    "python": {
      "arith": 530765,
      "array": 999999000000,
      "fib": 832040,
      "mixed": 10000888890,
      "nested": 20236502250000,
      "objlife": 3488890,
      "string": 6977780,
      "table": 37499250000,
      "total": 0
    }
  },
  "medians_seconds": {
    "lua": {
      "arith": 0.120954,
      "array": 0.009961,
      "fib": 0.032814,
      "mixed": 0.042927,
      "nested": 0.042736,
      "objlife": 0.080004,
      "string": 0.064326,
      "table": 0.011776,
      "total": 0.430303
    },
    "mobius": {
      "arith": 0.1047,
      "array": 0.0187018,
      "fib": 0.0631668,
      "mixed": 0.0780838,
      "nested": 0.0411584,
      "objlife": 0.127748,
      "string": 0.0745796,
      "table": 0.0174137,
      "total": 0.548448
    },
    "python": {
      "arith": 0.849078599,
      "array": 0.055137441,
      "fib": 0.070347052,
      "mixed": 0.031076126,
      "nested": 0.281043267,
      "objlife": 0.054456474,
      "string": 0.02732366,
      "table": 0.028156303,
      "total": 1.422243601
    }
  },
  "runs": 5
}
