{
  "checksums": {
    "lua": {
      "arith": 530765,
      "array": 999999000000,
      "fib": 832040,
      "mixed": 10000888890,
      "nested": 20236502250000,
      "objlife": 3488890,
      "string": 6977780,
      "table": 37499250000,
      "total": 0
    },
    "mobius": {
      "arith": 530765,
      "array": 999999000000,
      "fib": 832040,
      "mixed": 10000888890,
      "nested": 20236502250000,
      "objlife": 3488890,
      "string": 6977780,
      "table": 37499250000,
      "total": 0
    },
    "python": {
      "arith": 530765,
      "array": 999999000000,
      "fib": 832040,
      "mixed": 10000888890,
      "nested": 20236502250000,
      "objlife": 3488890,
      "string": 6977780,
      "table": 37499250000,
      "total": 0
    }
  },
  "medians_seconds": {
    "lua": {
      "arith": 0.119028,
      "array": 0.009847,
      "fib": 0.032274,
      "mixed": 0.040488,
      "nested": 0.036338,
      "objlife": 0.078485,
      "string": 0.066904,
      "table": 0.011776,
      "total": 0.420554
    },
    "mobius": {
      "arith": 0.105858,
      "array": 0.01798,
      "fib": 0.0490238,
      "mixed": 0.0822337,
      "nested": 0.0450648,
      "objlife": 0.128784,
      "string": 0.074158,
      "table": 0.0170151,
      "total": 0.54498
    },
    "python": {
      "arith": 0.834804628,
      "array": 0.054902369,
      "fib": 0.06920211,
      "mixed": 0.030658731,
      "nested": 0.278816892,
      "objlife": 0.053183425,
      "string": 0.026840307,
      "table": 0.028191259,
      "total": 1.398861069
    }
  },
  "runs": 5
}
