{
  "checksums": {
    "lua": {
      "arith": 530765,
      "array": 999999000000,
      "fib": 832040,
      "mixed": 10000888890,
      "nested": 20236502250000,
      "objlife": 3488890,
      "string": 6977780,
      "table": 37499250000,
      "total": 0
    },
    "mobius": {
      "arith": 530765,
      "array": 999999000000,
      "fib": 832040,
      "mixed": 10000888890,
      "nested": 20236502250000,
      "objlife": 3488890,
      "string": 6977780,
      "table": 37499250000,
      "total": 0
    },
    "python": {
      "arith": 530765,
      "array": 999999000000,
      "fib": 832040,
      "mixed": 10000888890,
      "nested": 20236502250000,
      "objlife": 3488890,
      "string": 6977780,
      "table": 37499250000,
      "total": 0
    }
  },
  "medians_seconds": {
    "lua": {
      "arith": 0.118014,
      "array": 0.00981,
      "fib": 0.032157,
      "mixed": 0.039588,
      "nested": 0.03946,
      "objlife": 0.077494,
      "string": 0.06205,
      "table": 0.011479,
      "total": 0.414954
    },
    "mobius": {
      "arith": 0.102352,
      "array": 0.0182964,
      "fib": 0.0562153,
      "mixed": 0.0772336,
      "nested": 0.0409976,
      "objlife": 0.127008,
      "string": 0.0708682,
      "table": 0.0181595,
      "total": 0.531681
    },
    "python": {
      "arith": 0.834571453,
      "array": 0.054902721,
      "fib": 0.069915844,
      "mixed": 0.030540332,
      "nested": 0.277919596,
      "objlife": 0.05416492,
      "string": 0.026617927,
      "table": 0.027782056,
      "total": 1.398790041
    }
  },
  "runs": 5
}
