{
  "checksums": {
    "lua": {
      "arith": 530765,
      "array": 999999000000,
      "fib": 832040,
      "mixed": 10000888890,
      "nested": 20236502250000,
      "objlife": 3488890,
      "string": 6977780,
      "table": 37499250000,
      "total": 0
    },
    "mobius": {
      "arith": 530765,
      "array": 999999000000,
      "fib": 832040,
      "mixed": 10000888890,
      "nested": 20236502250000,
      "objlife": 3488890,
      "string": 6977780,
      "table": 37499250000,
      "total": 0
    },
    "python": {
      "arith": 530765,
      "array": 999999000000,
      "fib": 832040,
      "mixed": 10000888890,
      "nested": 20236502250000,
      "objlife": 3488890,
      "string": 6977780,
      "table": 37499250000,
      "total": 0
    }
  },
  "medians_seconds": {
    "lua": {
      "arith": 0.119278,
      "array": 0.009707,
      "fib": 0.032699,
      "mixed": 0.041813,
      "nested": 0.04089,
      "objlife": 0.078007,
      "string": 0.06562,
      "table": 0.011752,
      "total": 0.429945
    },
    "mobius": {
      "arith": 0.101913,
      "array": 0.0174898,
      "fib": 0.0613557,
      "mixed": 0.0778026,
      "nested": 0.0396959,
      "objlife": 0.125023,
      "string": 0.0724986,
      "table": 0.0183908,
      "total": 0.541586
    },
    "python": {
      "arith": 0.839634014,
      "array": 0.055070193,
      "fib": 0.070005529,
      "mixed": 0.031150823,
      "nested": 0.279467952,
      "objlife": 0.054057412,
      "string": 0.027064757,
      "table": 0.028506793,
      "total": 1.403536905
    }
  },
  "runs": 5
}
