{
  "checksums": {
    "lua": {
      "arith": 530765,
      "array": 999999000000,
      "fib": 832040,
      "mixed": 10000888890,
      "nested": 20236502250000,
      "objlife": 3488890,
      "string": 6977780,
      "table": 37499250000,
      "total": 0
    },
    "mobius": {
      "arith": 530765,
      "array": 999999000000,
      "fib": 832040,
      "mixed": 10000888890,
      "nested": 20236502250000,
      "objlife": 3488890,
      "string": 6977780,
      "table": 37499250000,
      "total": 0
    },
    "python": {
      "arith": 530765,
      "array": 999999000000,
      "fib": 832040,
      "mixed": 10000888890,
      "nested": 20236502250000,
      "objlife": 3488890,
      "string": 6977780,
      "table": 37499250000,
      "total": 0
    }
  },
  "medians_seconds": {
    "lua": {
      "arith": 0.120813,
      "array": 0.009969,
      "fib": 0.03283,
      "mixed": 0.039895,
      "nested": 0.037112,
      "objlife": 0.078573,
      "string": 0.066931,
      "table": 0.011704,
      "total": 0.419655
    },
    "mobius": {
      "arith": 0.110223,
      "array": 0.0149168,
      "fib": 0.0551582,
      "mixed": 0.0802508,
      "nested": 0.0438172,
      "objlife": 0.126905,
      "string": 0.0729708,
      "table": 0.0164145,
      "total": 0.547075
    },
    "python": {
      "arith": 0.848754916,
      "array": 0.057494292,
      "fib": 0.070526155,
      "mixed": 0.030949634,
      "nested": 0.283247726,
      "objlife": 0.054705961,
      "string": 0.027537029,
      "table": 0.028600201,
      "total": 1.419438325
    }
  },
  "runs": 5
}
