{
  "checksums": {
    "lua": {
      "arith": 530765,
      "array": 999999000000,
      "fib": 832040,
      "mixed": 10000888890,
      "nested": 20236502250000,
      "objlife": 3488890,
      "string": 6977780,
      "table": 37499250000,
      "total": 0
    },
    "mobius": {
      "arith": 530765,
      "array": 999999000000,
      "fib": 832040,
      "mixed": 10000888890,
      "nested": 20236502250000,
      "objlife": 3488890,
      "string": 6977780,
      "table": 37499250000,
      "total": 0
    },
    "python": {
      "arith": 530765,
      "array": 999999000000,
      "fib": 832040,
      "mixed": 10000888890,
      "nested": 20236502250000,
      "objlife": 3488890,
      "string": 6977780,
      "table": 37499250000,
      "total": 0
    }
  },
  "medians_seconds": {
    "lua": {
      "arith": 0.11868,
      "array": 0.009844,
      "fib": 0.032406,
      "mixed": 0.041584,
      "nested": 0.041275,
      "objlife": 0.078623,
      "string": 0.064738,
      "table": 0.011993,
      "total": 0.428284
    },
    "mobius": {
      "arith": 0.123258,
      "array": 0.0159621,
      "fib": 0.0521096,
      "mixed": 0.0769419,
      "nested": 0.0452856,
      "objlife": 0.126966,
      "string": 0.0738361,
      "table": 0.016391,
      "total": 0.556657
    },
    "python": {
      "arith": 0.841821678,
      "array": 0.055791933,
      "fib": 0.069478216,
      "mixed": 0.031554738,
      "nested": 0.284843469,
      "objlife": 0.054265408,
      "string": 0.027318629,
      "table": 0.02853545,
      "total": 1.414091626
    }
  },
  "runs": 5
}
