{
  "checksums": {
    "lua": {
      "arith": 530765,
      "array": 999999000000,
      "fib": 832040,
      "mixed": 10000888890,
      "nested": 20236502250000,
      "objlife": 3488890,
      "string": 6977780,
      "table": 37499250000,
      "total": 0
    },
    "mobius": {
      "arith": 530765,
      "array": 999999000000,
      "fib": 832040,
      "mixed": 10000888890,
      "nested": 20236502250000,
      "objlife": 3488890,
      "string": 6977780,
      "table": 37499250000,
      "total": 0
    },
    "python": {
      "arith": 530765,
      "array": 999999000000,
      "fib": 832040,
      "mixed": 10000888890,
      "nested": 20236502250000,
      "objlife": 3488890,
      "string": 6977780,
      "table": 37499250000,
      "total": 0
    }
  },
  "medians_seconds": {
    "lua": {
      "arith": 0.119738,
      "array": 0.009766,
      "fib": 0.032488,
      "mixed": 0.04108,
      "nested": 0.03971,
      "objlife": 0.079901,
      "string": 0.065158,
      "table": 0.011671,
      "total": 0.422054
    },
    "mobius": {
      "arith": 0.121863,
      "array": 0.0190492,
      "fib": 0.0547857,
      "mixed": 0.0819932,
      "nested": 0.0448865,
      "objlife": 0.131681,
      "string": 0.0765429,
      "table": 0.0173709,
      "total": 0.572198
    },
    "python": {
      "arith": 0.847552897,
      "array": 0.055927128,
      "fib": 0.070388643,
      "mixed": 0.030888826,
      "nested": 0.282825522,
      "objlife": 0.055589864,
      "string": 0.027213935,
      "table": 0.028368374,
      "total": 1.412535131
    }
  },
  "runs": 5
}
