{
  "checksums": {
    "lua": {
      "arith": 530765,
      "array": 999999000000,
      "fib": 832040,
      "mixed": 10000888890,
      "nested": 20236502250000,
      "objlife": 3488890,
      "string": 6977780,
      "table": 37499250000,
      "total": 0
    },
    "mobius": {
      "arith": 530765,
      "array": 999999000000,
      "fib": 832040,
      "mixed": 10000888890,
      "nested": 20236502250000,
      "objlife": 3488890,
      "string": 6977780,
      "table": 37499250000,
      "total": 0
    },
    "python": {
      "arith": 530765,
      "array": 999999000000,
      "fib": 832040,
      "mixed": 10000888890,
      "nested": 20236502250000,
      "objlife": 3488890,
      "string": 6977780,
      "table": 37499250000,
      "total": 0
    }
  },
  "medians_seconds": {
    "lua": {
      "arith": 0.119822,
      "array": 0.009721,
      "fib": 0.033166,
      "mixed": 0.040442,
      "nested": 0.036913,
      "objlife": 0.079594,
      "string": 0.066444,
      "table": 0.011784,
      "total": 0.421426
    },
    "mobius": {
      "arith": 0.113861,
      "array": 0.0213364,
      "fib": 0.0654141,
      "mixed": 0.07886,
      "nested": 0.044036,
      "objlife": 0.130756,
      "string": 0.0740283,
      "table": 0.0200762,
      "total": 0.575323
    },
    "python": {
      "arith": 0.844753068,
      "array": 0.054852264,
      "fib": 0.069796046,
      "mixed": 0.031053195,
      "nested": 0.280120874,
      "objlife": 0.053490303,
      "string": 0.027266022,
      "table": 0.027707957,
      "total": 1.410250479
    }
  },
  "runs": 5
}
